[
    {
        "name": "Dashboard",
        "rol": "DASHBOARD"
    },
    {
        "name": "Users",
        "rol": "USERS"
    },
    {
        "name": "Vender request",
        "rol": "VENDOR_REQUEST"
    },
    {
        "name": "Vendors",
        "rol": "VENDOR"
    },
    {
        "name": "Services",
        "rol": "SERVICES"
    },
    {
        "name": "Order request",
        "rol": "ORDER_REQUEST"
    },
    {
        "name": "Orders",
        "rol": "ORDERS"
    },
    {
        "name": "Feedback",
        "rol": "FEEDBACK"
    },
    {
        "name": "Homepage",
        "rol": "HOME_PAGE"
    },
    {
        "name": "language",
        "rol": "LANGUAGE"
    },
    {
        "name": "Transaction payouts",
        "rol": "TRANSACTION_PAYOUTS"
    },
    {
        "name": "Transaction",
        "rol": "TRANSACTIONS"
    },
    {
        "name": "Clickpert Points (Transaction)",
        "rol": "TRANSACTION_CLICKSPERT_POINT"
    },
    {
        "name": "App Wallet",
        "rol": "TRANSACTION_APP_WALLET"
    },
    {
        "name": "Pages",
        "rol": "PAGES"
    },
   
    {
        "name": "FAQ USER",
        "rol": "USER_FAQ"
    },
    {
        "name": "FAQ VENDOR",
        "rol": "VENDOR_FAQ"
    },
    {
        "name": "Contact",
        "rol": "CONTACT"
    },
    {
        "name": "Notification",
        "rol": "NOTIFICATION"
    },
    {
        "name": "DB backup",
        "rol": "DB_BACKUP"
    },
    {
        "name": "Commission",
        "rol": "CONTENT_LIST_COMMISSION"
    },
    {
        "name": "Clickpert Points (Content)",
        "rol": "CONTENT_LIST_CLICKSPERT_POINT"
    },
    {
        "name": "Promo code",
        "rol": "CONTENT_LIST_PROMO_CODE"
    },
    {
        "name": "Complaints",
        "rol": "CONTENT_LIST_COMPLAINTS"
    },
    {
        "name": "Locations",
        "rol": "CONTENT_LIST_LOCATIONS"
    },
    {
        "name": "Service fee",
        "rol": "CONTENT_LIST_SERVICE_FEE"
    },
    {
        "name": "Refer a friend",
        "rol": "CONTENT_LIST_REFER_A_FRIEND"
    }
]